on time,off time
0.6026,4.7198
0.97616,4.7267
0.98177,4.66
0.97537,4.6641
0.9696,4.668
1.5986,0
