on time,off time
0.62015,4.2545
1.0075,4.3679
0.99437,4.3665
1.0094,4.2421
1.0381,4.2492
1.7713,0
