on time,off time
0.57278,4.2094
1.0067,4.2346
1.0143,4.206
1.0153,4.2229
1.0184,4.2426
0.59023,0
