on time,off time
0.52086,4.1722
0.97095,4.3356
1.0113,4.3427
0.65774,4.3441
1.0014,4.2827
1.6775,0
