on time,off time
0.65476,15.806
0.67648,16.16
0.68451,16.644
0.68744,15.892
0.68908,16.525
0.68236,16.377
0.69013,15.332
1.0094,15.358
