on time,off time
0.6131,12.312
0.6796,15.481
0.69129,15.428
0.68504,15.281
0.69226,15.291
0.6785,15.213
0.68905,14.964
