on time,off time
0.66653,8.1182
0.68317,16.4
0.69219,16.676
0.68496,16.369
0.69025,15.663
0.6848,15.69
0.6863,15.706
1.0186,15.753

