on time,off time
0.6709,15.319
0.69119,15.123
0.69766,15.328
0.69168,15.409
0.69555,15.406
0.6813,15.144
0.69766,15.734
