on time,off time
0.61731,17.325
0.68477,15.088
0.69513,15.418
0.6876,15.611
0.69689,15.24
0.68277,15.35
0.68633,15.418
0,15.69
